,degree,betweenness,closeness,eigenvector
中国人寿,0.3793103448275862,0.3584964706885889,0.5918367346938775,0.3788229927324937
兴业银行,0.24137931034482757,0.15157335138862235,0.47540983606557374,0.19761621117915346
比亚迪,0.3103448275862069,0.13712076784736885,0.48333333333333334,0.2749880205720152
平安银行,0.24137931034482757,0.13709810988136115,0.5,0.22518981450598186
五粮液,0.3448275862068966,0.13688174851967955,0.4915254237288136,0.2875246085453404
中国平安,0.27586206896551724,0.13442100455647257,0.5272727272727272,0.285457934358859
中信证券,0.27586206896551724,0.13328201970443346,0.4915254237288136,0.2776274572635535
宁德时代,0.3103448275862069,0.11941952068183594,0.46774193548387094,0.25332566054369715
贵州茅台,0.27586206896551724,0.08489286780542939,0.5,0.285786235216695
工商银行,0.27586206896551724,0.06648175989308992,0.38666666666666666,0.135912849174809
